"Longitude (x)","Latitude (y)","Station Name","Climate ID","Date/Time","Year","Month","Day","Data Quality","Max Temp (°C)","Max Temp Flag","Min Temp (°C)","Min Temp Flag","Mean Temp (°C)","Mean Temp Flag","Heat Deg Days (°C)","Heat Deg Days Flag","Cool Deg Days (°C)","Cool Deg Days Flag","Total Rain (mm)","Total Rain Flag","Total Snow (cm)","Total Snow Flag","Total Precip (mm)","Total Precip Flag","Snow on Grnd (cm)","Snow on Grnd Flag","Dir of Max Gust (10s deg)","Dir of Max Gust Flag","Spd of Max Gust (km/h)","Spd of Max Gust Flag"
"-79.69","43.51","OAKVILLE TWN","6155750","2018-01-01","2018","01","01","†","-8.0","","-18.0","","-13.0","","31.0","","0.0","","0.0","","1.0","","0.4","","21","","","","",""
"-79.69","43.51","OAKVILLE TWN","6155750","2018-01-02","2018","01","02","†","-6.0","","-14.0","","-10.0","","28.0","","0.0","","0.0","","0.0","","0.0","","22","","","","",""
"-79.69","43.51","OAKVILLE TWN","6155750","2018-01-03","2018","01","03","†","-6.0","","-13.0","","-9.5","","27.5","","0.0","","0.0","","0.2","","0.2","","22","","","","",""
"-79.69","43.51","OAKVILLE TWN","6155750","2018-01-04","2018","01","04","†","-9.5","","-13.0","","-11.3","","29.3","","0.0","","0.0","","0.0","T","0.0","","22","","","","",""
"-79.69","43.51","OAKVILLE TWN","6155750","2018-01-05","2018","01","05","†","-14.0","","-23.0","","-18.5","","36.5","","0.0","","0.0","","0.0","T","0.0","","22","","","","",""
"-79.69","43.51","OAKVILLE TWN","6155750","2018-01-06","2018","01","06","†","-14.0","","-23.0","","-18.5","","36.5","","0.0","","0.0","","0.0","","0.0","","22","","","","",""
"-79.69","43.51","OAKVILLE TWN","6155750","2018-01-07","2018","01","07","†","-0.5","","-22.5","","-11.5","","29.5","","0.0","","0.0","","4.0","","8.0","","22","","","","",""
"-79.69","43.51","OAKVILLE TWN","6155750","2018-01-08","2018","01","08","†","2.5","","-14.0","","-5.8","","23.8","","0.0","","0.0","","0.0","","0.0","","22","","","","",""
"-79.69","43.51","OAKVILLE TWN","6155750","2018-01-09","2018","01","09","†","1.0","","-1.0","","0.0","","18.0","","0.0","","0.0","","0.0","","0.0","","20","","","","",""
"-79.69","43.51","OAKVILLE TWN","6155750","2018-01-10","2018","01","10","†","9.0","","-6.5","","1.3","","16.7","","0.0","","2.5","","0.0","","2.5","","18","","","","",""
"-79.69","43.51","OAKVILLE TWN","6155750","2018-01-11","2018","01","11","†","13.0","","-3.0","","5.0","","13.0","","0.0","","16.0","","0.0","","16.0","","2","","","","",""
"-79.69","43.51","OAKVILLE TWN","6155750","2018-01-12","2018","01","12","†","7.5","","8.0","","7.8","","10.2","","0.0","","6.0","","2.0","","8.0","","0","","","","",""
"-79.69","43.51","OAKVILLE TWN","6155750","2018-01-13","2018","01","13","†","-9.0","","-13.0","","-11.0","","29.0","","0.0","","0.0","","0.0","","0.0","","2","","","","",""
"-79.69","43.51","OAKVILLE TWN","6155750","2018-01-14","2018","01","14","†","-4.5","","-17.0","","-10.8","","28.8","","0.0","","0.0","","0.0","","0.0","","2","","","","",""
"-79.69","43.51","OAKVILLE TWN","6155750","2018-01-15","2018","01","15","†","-5.0","","-11.5","","-8.3","","26.3","","0.0","","0.0","","7.0","","7.0","","2","","","","",""
"-79.69","43.51","OAKVILLE TWN","6155750","2018-01-16","2018","01","16","†","-3.0","","-10.0","","-6.5","","24.5","","0.0","","0.0","","0.0","","0.0","","9","","","","",""
"-79.69","43.51","OAKVILLE TWN","6155750","2018-01-17","2018","01","17","†","-4.0","","-13.0","","-8.5","","26.5","","0.0","","0.0","","0.0","","0.0","","9","","","","",""
"-79.69","43.51","OAKVILLE TWN","6155750","2018-01-18","2018","01","18","†","-3.0","","-11.5","","-7.3","","25.3","","0.0","","0.0","","0.0","","0.0","","7","","","","",""
"-79.69","43.51","OAKVILLE TWN","6155750","2018-01-19","2018","01","19","†","2.0","","-7.0","","-2.5","","20.5","","0.0","","0.0","","0.0","","0.0","","0","","","","",""
"-79.69","43.51","OAKVILLE TWN","6155750","2018-01-20","2018","01","20","†","7.0","","-3.0","","2.0","","16.0","","0.0","","0.0","","0.0","","0.0","","2","","","","",""
"-79.69","43.51","OAKVILLE TWN","6155750","2018-01-21","2018","01","21","†","5.0","","-3.0","","1.0","","17.0","","0.0","","7.3","","0.0","","7.3","","2","","","","",""
"-79.69","43.51","OAKVILLE TWN","6155750","2018-01-22","2018","01","22","†","4.5","","1.0","","2.8","","15.2","","0.0","","17.0","","0.0","","17.0","","0","","","","",""
"-79.69","43.51","OAKVILLE TWN","6155750","2018-01-23","2018","01","23","†","7.0","","0.5","","3.8","","14.2","","0.0","","0.4","","0.0","","0.4","","0","","","","",""
"-79.69","43.51","OAKVILLE TWN","6155750","2018-01-24","2018","01","24","†","-3.5","","-9.0","","-6.3","","24.3","","0.0","","0.0","","0.0","","0.0","","0","","","","",""
"-79.69","43.51","OAKVILLE TWN","6155750","2018-01-25","2018","01","25","†","-1.0","","-11.0","","-6.0","","24.0","","0.0","","0.0","","0.0","","0.0","","0","","","","",""
"-79.69","43.51","OAKVILLE TWN","6155750","2018-01-26","2018","01","26","†","10.0","","-8.5","","0.8","","17.2","","0.0","","0.0","","0.0","","0.0","","0","","","","",""
"-79.69","43.51","OAKVILLE TWN","6155750","2018-01-27","2018","01","27","†","10.0","","-1.5","","4.3","","13.7","","0.0","","0.0","","0.0","","0.0","","0","","","","",""
"-79.69","43.51","OAKVILLE TWN","6155750","2018-01-28","2018","01","28","†","5.0","","-1.0","","2.0","","16.0","","0.0","","0.0","","0.0","","0.0","","0","","","","",""
"-79.69","43.51","OAKVILLE TWN","6155750","2018-01-29","2018","01","29","†","-1.0","","-4.0","","-2.5","","20.5","","0.0","","0.0","","12.0","","10.0","","0","","","","",""
"-79.69","43.51","OAKVILLE TWN","6155750","2018-01-30","2018","01","30","†","-6.0","","-13.0","","-9.5","","27.5","","0.0","","0.0","","0.0","","0.0","","13","","","","",""
"-79.69","43.51","OAKVILLE TWN","6155750","2018-01-31","2018","01","31","†","3.5","","-16.0","","-6.3","","24.3","","0.0","","0.0","","0.0","","0.0","","13","","","","",""
"-79.69","43.51","OAKVILLE TWN","6155750","2018-02-01","2018","02","01","†","5.5","","-6.0","","-0.3","","18.3","","0.0","","0.0","","0.0","T","0.0","","8","","","","",""
"-79.69","43.51","OAKVILLE TWN","6155750","2018-02-02","2018","02","02","†","-8.5","","-14.0","","-11.3","","29.3","","0.0","","0.0","","0.0","T","0.0","","5","","","","",""
"-79.69","43.51","OAKVILLE TWN","6155750","2018-02-03","2018","02","03","†","0.0","","-13.5","","-6.8","","24.8","","0.0","","0.0","","2.4","","2.4","","5","","","","",""
"-79.69","43.51","OAKVILLE TWN","6155750","2018-02-04","2018","02","04","†","2.0","","-9.0","","-3.5","","21.5","","0.0","","0.0","","2.0","","3.4","","9","","","","",""
"-79.69","43.51","OAKVILLE TWN","6155750","2018-02-05","2018","02","05","†","-6.5","","-15.5","","-11.0","","29.0","","0.0","","0.0","","0.0","T","0.0","","11","","","","",""
"-79.69","43.51","OAKVILLE TWN","6155750","2018-02-06","2018","02","06","†","-3.0","","-10.0","","-6.5","","24.5","","0.0","","0.0","","5.0","","5.4","","0","","","","",""
"-79.69","43.51","OAKVILLE TWN","6155750","2018-02-07","2018","02","07","†","-4.0","","-11.0","","-7.5","","25.5","","0.0","","0.0","","6.0","","6.2","","15","","","","",""
"-79.69","43.51","OAKVILLE TWN","6155750","2018-02-08","2018","02","08","†","-6.0","","-13.0","","-9.5","","27.5","","0.0","","0.0","","0.0","T","0.0","","21","","","","",""
"-79.69","43.51","OAKVILLE TWN","6155750","2018-02-09","2018","02","09","†","-4.0","","-11.0","","-7.5","","25.5","","0.0","","0.0","","7.4","","7.4","","15","","","","",""
"-79.69","43.51","OAKVILLE TWN","6155750","2018-02-10","2018","02","10","†","-2.0","","-8.5","","-5.3","","23.3","","0.0","","0.0","","6.6","","6.6","","20","","","","",""
"-79.69","43.51","OAKVILLE TWN","6155750","2018-02-11","2018","02","11","†","-0.5","","-6.5","","-3.5","","21.5","","0.0","","6.4","","0.0","T","6.4","","23","","","","",""
"-79.69","43.51","OAKVILLE TWN","6155750","2018-02-12","2018","02","12","†","-2.0","","-9.5","","-5.8","","23.8","","0.0","","0.0","","0.0","","0.0","","21","","","","",""
"-79.69","43.51","OAKVILLE TWN","6155750","2018-02-13","2018","02","13","†","3.0","","-14.0","","-5.5","","23.5","","0.0","","0.0","","0.0","","0.0","","20","","","","",""
"-79.69","43.51","OAKVILLE TWN","6155750","2018-02-14","2018","02","14","†","5.5","","-7.5","","-1.0","","19.0","","0.0","","0.0","","0.0","","0.0","","19","","","","",""
"-79.69","43.51","OAKVILLE TWN","6155750","2018-02-15","2018","02","15","†","8.0","","2.5","","5.3","","12.7","","0.0","","0.0","T","0.0","","0.0","T","11","","","","",""
"-79.69","43.51","OAKVILLE TWN","6155750","2018-02-16","2018","02","16","†","2.0","","0.5","","1.3","","16.7","","0.0","","0.0","","0.0","","0.0","","0","T","","","",""
"-79.69","43.51","OAKVILLE TWN","6155750","2018-02-17","2018","02","17","†","1.5","","-8.0","","-3.3","","21.3","","0.0","","0.0","","0.0","","0.0","","0","T","","","",""
"-79.69","43.51","OAKVILLE TWN","6155750","2018-02-18","2018","02","18","†","5.0","","-3.5","","0.8","","17.2","","0.0","","0.0","","0.0","","0.0","","0","T","","","",""
"-79.69","43.51","OAKVILLE TWN","6155750","2018-02-19","2018","02","19","†","12.5","","-2.5","","5.0","","13.0","","0.0","","24.4","","0.0","","24.4","","0","","","","",""
"-79.69","43.51","OAKVILLE TWN","6155750","2018-02-20","2018","02","20","†","17.5","","0.5","","9.0","","9.0","","0.0","","7.2","","0.0","","7.2","","0","","","","",""
"-79.69","43.51","OAKVILLE TWN","6155750","2018-02-21","2018","02","21","†","5.0","","4.0","","4.5","","13.5","","0.0","","1.4","","0.0","","1.4","","0","","","","",""
"-79.69","43.51","OAKVILLE TWN","6155750","2018-02-22","2018","02","22","†","1.5","","-3.0","","-0.8","","18.8","","0.0","","0.2","","0.0","","0.2","","0","","","","",""
"-79.69","43.51","OAKVILLE TWN","6155750","2018-02-23","2018","02","23","†","7.0","","-2.0","","2.5","","15.5","","0.0","","2.3","","0.0","","2.3","","0","","","","",""
"-79.69","43.51","OAKVILLE TWN","6155750","2018-02-24","2018","02","24","†","4.0","","0.5","","2.3","","15.7","","0.0","","4.2","","0.0","","4.2","","0","","","","",""
"-79.69","43.51","OAKVILLE TWN","6155750","2018-02-25","2018","02","25","†","11.5","","0.5","","6.0","","12.0","","0.0","","0.0","","0.0","","0.0","","0","","","","",""
"-79.69","43.51","OAKVILLE TWN","6155750","2018-02-26","2018","02","26","†","8.5","","-0.5","","4.0","","14.0","","0.0","","0.0","","0.0","","0.0","","0","","","","",""
"-79.69","43.51","OAKVILLE TWN","6155750","2018-02-27","2018","02","27","†","13.5","","0.0","","6.8","","11.2","","0.0","","0.0","","0.0","","0.0","","0","","","","",""
"-79.69","43.51","OAKVILLE TWN","6155750","2018-02-28","2018","02","28","†","16.5","","4.0","","10.3","","7.7","","0.0","","0.0","","0.0","","0.0","","0","","","","",""
"-79.69","43.51","OAKVILLE TWN","6155750","2018-03-01","2018","03","01","†","3.0","","0.0","","1.5","","16.5","","0.0","","0.0","","5.0","","9.8","","0","","","","",""
"-79.69","43.51","OAKVILLE TWN","6155750","2018-03-02","2018","03","02","†","4.5","","-1.0","","1.8","","16.2","","0.0","","0.0","","0.0","","0.0","","5","","","","",""
"-79.69","43.51","OAKVILLE TWN","6155750","2018-03-03","2018","03","03","†","4.5","","-3.5","","0.5","","17.5","","0.0","","0.0","","0.0","","0.0","","0","","","","",""
"-79.69","43.51","OAKVILLE TWN","6155750","2018-03-04","2018","03","04","†","3.0","","-4.0","","-0.5","","18.5","","0.0","","0.0","","0.0","","0.0","","0","","","","",""
"-79.69","43.51","OAKVILLE TWN","6155750","2018-03-05","2018","03","05","†","4.0","","-4.0","","0.0","","18.0","","0.0","","0.0","","0.0","","0.0","","0","","","","",""
"-79.69","43.51","OAKVILLE TWN","6155750","2018-03-06","2018","03","06","†","1.0","","-4.0","","-1.5","","19.5","","0.0","","0.0","","0.0","T","0.0","","0","","","","",""
"-79.69","43.51","OAKVILLE TWN","6155750","2018-03-07","2018","03","07","†","3.0","","-1.0","","1.0","","17.0","","0.0","","0.0","","0.0","T","0.0","","0","","","","",""
"-79.69","43.51","OAKVILLE TWN","6155750","2018-03-08","2018","03","08","†","2.0","","-4.0","","-1.0","","19.0","","0.0","","0.0","","0.0","","0.0","","0","","","","",""
"-79.69","43.51","OAKVILLE TWN","6155750","2018-03-09","2018","03","09","†","3.5","","-3.0","","0.3","","17.7","","0.0","","0.0","","0.0","T","0.0","","0","","","","",""
"-79.69","43.51","OAKVILLE TWN","6155750","2018-03-10","2018","03","10","†","2.5","","-4.0","","-0.8","","18.8","","0.0","","0.0","","0.0","","0.0","","0","","","","",""
"-79.69","43.51","OAKVILLE TWN","6155750","2018-03-11","2018","03","11","†","3.0","","-5.0","","-1.0","","19.0","","0.0","","0.0","","0.0","T","0.0","","0","","","","",""
"-79.69","43.51","OAKVILLE TWN","6155750","2018-03-12","2018","03","12","†","1.5","","-3.0","","-0.8","","18.8","","0.0","","0.0","","0.8","","0.6","","0","","","","",""
"-79.69","43.51","OAKVILLE TWN","6155750","2018-03-13","2018","03","13","†","3.0","","-6.0","","-1.5","","19.5","","0.0","","0.0","","0.0","T","0.0","","0","T","","","",""
"-79.69","43.51","OAKVILLE TWN","6155750","2018-03-14","2018","03","14","†","2.0","","-2.5","","-0.3","","18.3","","0.0","","0.0","","0.0","","0.0","","0","","","","",""
"-79.69","43.51","OAKVILLE TWN","6155750","2018-03-15","2018","03","15","†","4.5","","-5.0","","-0.3","","18.3","","0.0","","0.0","","0.0","T","0.0","","0","","","","",""
"-79.69","43.51","OAKVILLE TWN","6155750","2018-03-16","2018","03","16","†","1.0","","-7.0","","-3.0","","21.0","","0.0","","0.0","","0.0","","0.0","","0","","","","",""
"-79.69","43.51","OAKVILLE TWN","6155750","2018-03-17","2018","03","17","†","7.5","","-7.0","","0.3","","17.7","","0.0","","0.0","","0.0","","0.0","","0","","","","",""
"-79.69","43.51","OAKVILLE TWN","6155750","2018-03-18","2018","03","18","†","12.0","","-6.0","","3.0","","15.0","","0.0","","0.0","","0.0","","0.0","","0","","","","",""
"-79.69","43.51","OAKVILLE TWN","6155750","2018-03-19","2018","03","19","†","0.0","","-6.5","","-3.3","","21.3","","0.0","","0.0","","0.0","","0.0","","0","","","","",""
"-79.69","43.51","OAKVILLE TWN","6155750","2018-03-20","2018","03","20","†","0.5","","-7.0","","-3.3","","21.3","","0.0","","0.0","","0.0","","0.0","","0","","","","",""
"-79.69","43.51","OAKVILLE TWN","6155750","2018-03-21","2018","03","21","†","5.5","","-4.0","","0.8","","17.2","","0.0","","0.0","","0.0","","0.0","","0","","","","",""
"-79.69","43.51","OAKVILLE TWN","6155750","2018-03-22","2018","03","22","†","6.5","","-4.0","","1.3","","16.7","","0.0","","0.0","","0.0","","0.0","","0","","","","",""
"-79.69","43.51","OAKVILLE TWN","6155750","2018-03-23","2018","03","23","†","5.5","","-4.5","","0.5","","17.5","","0.0","","0.0","","0.0","","0.0","","0","","","","",""
"-79.69","43.51","OAKVILLE TWN","6155750","2018-03-24","2018","03","24","†","4.0","","-4.5","","-0.3","","18.3","","0.0","","0.0","","0.0","","0.0","","0","","","","",""
"-79.69","43.51","OAKVILLE TWN","6155750","2018-03-25","2018","03","25","†","2.0","","-8.0","","-3.0","","21.0","","0.0","","0.0","","0.0","","0.0","","0","","","","",""
"-79.69","43.51","OAKVILLE TWN","6155750","2018-03-26","2018","03","26","†","7.0","","-5.0","","1.0","","17.0","","0.0","","0.0","","0.0","","0.0","","0","","","","",""
"-79.69","43.51","OAKVILLE TWN","6155750","2018-03-27","2018","03","27","†","8.0","","2.0","","5.0","","13.0","","0.0","","4.6","","0.0","","4.6","","0","","","","",""
"-79.69","43.51","OAKVILLE TWN","6155750","2018-03-28","2018","03","28","†","7.5","","2.5","","5.0","","13.0","","0.0","","0.0","T","0.0","","0.0","T","0","","","","",""
"-79.69","43.51","OAKVILLE TWN","6155750","2018-03-29","2018","03","29","†","6.5","","1.5","","4.0","","14.0","","0.0","","17.2","","0.0","","17.2","","0","","","","",""
"-79.69","43.51","OAKVILLE TWN","6155750","2018-03-30","2018","03","30","†","7.0","","2.5","","4.8","","13.2","","0.0","","0.0","","0.0","","0.0","","0","","","","",""
"-79.69","43.51","OAKVILLE TWN","6155750","2018-03-31","2018","03","31","†","9.0","","-2.0","","3.5","","14.5","","0.0","","4.3","","0.0","","4.3","","0","","","","",""
"-79.69","43.51","OAKVILLE TWN","6155750","2018-04-01","2018","04","01","†","4.5","","-4.0","","0.3","","17.7","","0.0","","0.0","","0.0","","0.0","","0","","","","",""
"-79.69","43.51","OAKVILLE TWN","6155750","2018-04-02","2018","04","02","†","8.0","","-3.5","","2.3","","15.7","","0.0","","0.0","","0.0","","0.0","","0","","","","",""
"-79.69","43.51","OAKVILLE TWN","6155750","2018-04-03","2018","04","03","†","5.0","","-1.0","","2.0","","16.0","","0.0","","29.2","","0.0","","29.2","","0","","","","",""
"-79.69","43.51","OAKVILLE TWN","6155750","2018-04-04","2018","04","04","†","5.5","","2.0","","3.8","","14.2","","0.0","","0.0","","0.0","T","0.0","","0","","","","",""
"-79.69","43.51","OAKVILLE TWN","6155750","2018-04-05","2018","04","05","†","2.5","","-5.0","","-1.3","","19.3","","0.0","","0.0","","0.0","T","0.0","","0","","","","",""
"-79.69","43.51","OAKVILLE TWN","6155750","2018-04-06","2018","04","06","†","5.0","","-3.0","","1.0","","17.0","","0.0","","0.0","","2.4","","4.0","","0","T","","","",""
"-79.69","43.51","OAKVILLE TWN","6155750","2018-04-07","2018","04","07","†","1.0","","-6.0","","-2.5","","20.5","","0.0","","0.0","","0.0","T","0.0","","0","T","","","",""
"-79.69","43.51","OAKVILLE TWN","6155750","2018-04-08","2018","04","08","†","2.5","","-4.5","","-1.0","","19.0","","0.0","","0.0","","0.0","T","0.0","","0","","","","",""
"-79.69","43.51","OAKVILLE TWN","6155750","2018-04-09","2018","04","09","†","3.0","","-5.0","","-1.0","","19.0","","0.0","","0.0","","0.0","T","0.0","","0","","","","",""
"-79.69","43.51","OAKVILLE TWN","6155750","2018-04-10","2018","04","10","†","7.5","","-3.5","","2.0","","16.0","","0.0","","0.0","","0.0","","0.0","","0","T","","","",""
"-79.69","43.51","OAKVILLE TWN","6155750","2018-04-11","2018","04","11","†","7.0","","-1.0","","3.0","","15.0","","0.0","","1.5","","0.0","","1.5","","0","","","","",""
"-79.69","43.51","OAKVILLE TWN","6155750","2018-04-12","2018","04","12","†","18.0","","-2.0","","8.0","","10.0","","0.0","","2.2","","0.0","","2.2","","0","","","","",""
"-79.69","43.51","OAKVILLE TWN","6155750","2018-04-13","2018","04","13","†","6.0","","2.0","","4.0","","14.0","","0.0","","7.0","","0.0","","7.0","","0","","","","",""
"-79.69","43.51","OAKVILLE TWN","6155750","2018-04-14","2018","04","14","†","1.0","","0.5","","0.8","","17.2","","0.0","","4.4","","2.6","","30.6","","0","","","","",""
"-79.69","43.51","OAKVILLE TWN","6155750","2018-04-15","2018","04","15","†","2.0","","-5.0","","-1.5","","19.5","","0.0","","27.2","","3.2","","60.0","","3","","","","",""
"-79.69","43.51","OAKVILLE TWN","6155750","2018-04-16","2018","04","16","†","4.0","","-2.5","","0.8","","17.2","","0.0","","12.4","","0.0","","12.4","","5","","","","",""
"-79.69","43.51","OAKVILLE TWN","6155750","2018-04-17","2018","04","17","†","3.5","","-1.5","","1.0","","17.0","","0.0","","0.0","","0.0","T","0.0","","0","","","","",""
"-79.69","43.51","OAKVILLE TWN","6155750","2018-04-18","2018","04","18","†","5.0","","-1.5","","1.8","","16.2","","0.0","","0.0","","0.0","","0.0","","5","","","","",""
"-79.69","43.51","OAKVILLE TWN","6155750","2018-04-19","2018","04","19","†","5.0","","0.0","","2.5","","15.5","","0.0","","0.0","","0.0","","0.0","","1","","","","",""
"-79.69","43.51","OAKVILLE TWN","6155750","2018-04-20","2018","04","20","†","9.0","","-2.0","","3.5","","14.5","","0.0","","0.0","","0.0","","0.0","","0","T","","","",""
"-79.69","43.51","OAKVILLE TWN","6155750","2018-04-21","2018","04","21","†","15.0","","-1.0","","7.0","","11.0","","0.0","","0.0","","0.0","","0.0","","0","","","","",""
"-79.69","43.51","OAKVILLE TWN","6155750","2018-04-22","2018","04","22","†","16.0","","0.0","","8.0","","10.0","","0.0","","0.0","","0.0","","0.0","","0","","","","",""
"-79.69","43.51","OAKVILLE TWN","6155750","2018-04-23","2018","04","23","†","14.0","","4.0","","9.0","","9.0","","0.0","","0.0","","0.0","","0.0","","0","","","","",""
"-79.69","43.51","OAKVILLE TWN","6155750","2018-04-24","2018","04","24","†","17.0","","6.5","","11.8","","6.2","","0.0","","9.4","","0.0","","9.4","","0","","","","",""
"-79.69","43.51","OAKVILLE TWN","6155750","2018-04-25","2018","04","25","†","11.5","","6.0","","8.8","","9.2","","0.0","","10.6","","0.0","","10.6","","0","","","","",""
"-79.69","43.51","OAKVILLE TWN","6155750","2018-04-26","2018","04","26","†","16.5","","3.5","","10.0","","8.0","","0.0","","0.0","","0.0","","0.0","","0","","","","",""
"-79.69","43.51","OAKVILLE TWN","6155750","2018-04-27","2018","04","27","†","14.5","","4.5","","9.5","","8.5","","0.0","","4.0","","0.0","","4.0","","0","","","","",""
"-79.69","43.51","OAKVILLE TWN","6155750","2018-04-28","2018","04","28","†","8.0","","7.0","","7.5","","10.5","","0.0","","3.2","","0.0","T","3.2","","0","","","","",""
"-79.69","43.51","OAKVILLE TWN","6155750","2018-04-29","2018","04","29","†","13.0","","0.0","","6.5","","11.5","","0.0","","0.0","","0.0","","0.0","","0","","","","",""
"-79.69","43.51","OAKVILLE TWN","6155750","2018-04-30","2018","04","30","†","21.0","","1.0","","11.0","","7.0","","0.0","","0.0","","0.0","","0.0","","0","","","","",""
"-79.69","43.51","OAKVILLE TWN","6155750","2018-05-01","2018","05","01","†","28.0","","8.0","","18.0","","0.0","","0.0","","0.0","","0.0","","0.0","","0","","","","",""
"-79.69","43.51","OAKVILLE TWN","6155750","2018-05-02","2018","05","02","†","28.0","","14.0","","21.0","","0.0","","3.0","","0.4","","0.0","","0.4","","0","","","","",""
"-79.69","43.51","OAKVILLE TWN","6155750","2018-05-03","2018","05","03","†","23.0","","17.0","","20.0","","0.0","","2.0","","15.0","","0.0","","15.0","","0","","","","",""
"-79.69","43.51","OAKVILLE TWN","6155750","2018-05-04","2018","05","04","†","26.0","","9.0","","17.5","","0.5","","0.0","","0.4","","0.0","","0.4","","0","","","","",""
"-79.69","43.51","OAKVILLE TWN","6155750","2018-05-05","2018","05","05","†","24.5","","8.5","","16.5","","1.5","","0.0","","0.4","","0.0","","0.4","","0","","","","",""
"-79.69","43.51","OAKVILLE TWN","6155750","2018-05-06","2018","05","06","†","15.5","","12.0","","13.8","","4.2","","0.0","","0.6","","0.0","","0.6","","0","","","","",""
"-79.69","43.51","OAKVILLE TWN","6155750","2018-05-07","2018","05","07","†","17.0","","10.0","","13.5","","4.5","","0.0","","0.0","","0.0","","0.0","","0","","","","",""
"-79.69","43.51","OAKVILLE TWN","6155750","2018-05-08","2018","05","08","†","18.0","","7.0","","12.5","","5.5","","0.0","","0.0","","0.0","","0.0","","0","","","","",""
"-79.69","43.51","OAKVILLE TWN","6155750","2018-05-09","2018","05","09","†","21.0","","8.0","","14.5","","3.5","","0.0","","3.4","","0.0","","3.4","","0","","","","",""
"-79.69","43.51","OAKVILLE TWN","6155750","2018-05-10","2018","05","10","†","21.5","","13.0","","17.3","","0.7","","0.0","","0.0","","0.0","","0.0","","0","","","","",""
"-79.69","43.51","OAKVILLE TWN","6155750","2018-05-11","2018","05","11","†","12.0","","5.0","","8.5","","9.5","","0.0","","0.6","","0.0","","0.6","","0","","","","",""
"-79.69","43.51","OAKVILLE TWN","6155750","2018-05-12","2018","05","12","†","14.5","","6.5","","10.5","","7.5","","0.0","","0.0","","0.0","","0.0","","0","","","","",""
"-79.69","43.51","OAKVILLE TWN","6155750","2018-05-13","2018","05","13","†","19.5","","7.0","","13.3","","4.7","","0.0","","0.0","","0.0","","0.0","","0","","","","",""
"-79.69","43.51","OAKVILLE TWN","6155750","2018-05-14","2018","05","14","†","25.0","","10.0","","17.5","","0.5","","0.0","","21.0","","0.0","","21.0","","0","","","","",""
"-79.69","43.51","OAKVILLE TWN","6155750","2018-05-15","2018","05","15","†","23.5","","14.5","","19.0","","0.0","","1.0","","0.4","","0.0","","0.4","","0","","","","",""
"-79.69","43.51","OAKVILLE TWN","6155750","2018-05-16","2018","05","16","†","21.0","","9.5","","15.3","","2.7","","0.0","","0.0","","0.0","","0.0","","0","","","","",""
"-79.69","43.51","OAKVILLE TWN","6155750","2018-05-17","2018","05","17","†","25.0","","11.0","","18.0","","0.0","","0.0","","0.0","","0.0","","0.0","","0","","","","",""
"-79.69","43.51","OAKVILLE TWN","6155750","2018-05-18","2018","05","18","†","14.5","","10.0","","12.3","","5.7","","0.0","","6.4","","0.0","","6.4","","0","","","","",""
"-79.69","43.51","OAKVILLE TWN","6155750","2018-05-19","2018","05","19","†","17.5","","7.0","","12.3","","5.7","","0.0","","4.0","","0.0","","4.0","","0","","","","",""
"-79.69","43.51","OAKVILLE TWN","6155750","2018-05-20","2018","05","20","†","21.0","","9.5","","15.3","","2.7","","0.0","","0.0","","0.0","","0.0","","0","","","","",""
"-79.69","43.51","OAKVILLE TWN","6155750","2018-05-21","2018","05","21","†","22.0","","7.0","","14.5","","3.5","","0.0","","9.2","","0.0","","9.2","","0","","","","",""
"-79.69","43.51","OAKVILLE TWN","6155750","2018-05-22","2018","05","22","†","19.0","","9.5","","14.3","","3.7","","0.0","","0.4","","0.0","","0.4","","0","","","","",""
"-79.69","43.51","OAKVILLE TWN","6155750","2018-05-23","2018","05","23","†","28.0","","11.0","","19.5","","0.0","","1.5","","0.0","","0.0","","0.0","","0","","","","",""
"-79.69","43.51","OAKVILLE TWN","6155750","2018-05-24","2018","05","24","†","30.0","","13.0","","21.5","","0.0","","3.5","","0.0","","0.0","","0.0","","0","","","","",""
"-79.69","43.51","OAKVILLE TWN","6155750","2018-05-25","2018","05","25","†","31.0","","17.0","","24.0","","0.0","","6.0","","0.0","","0.0","","0.0","","0","","","","",""
"-79.69","43.51","OAKVILLE TWN","6155750","2018-05-26","2018","05","26","†","30.0","","18.0","","24.0","","0.0","","6.0","","0.0","","0.0","","0.0","","0","","","","",""
"-79.69","43.51","OAKVILLE TWN","6155750","2018-05-27","2018","05","27","†","26.0","","15.0","","20.5","","0.0","","2.5","","0.0","","0.0","","0.0","","0","","","","",""
"-79.69","43.51","OAKVILLE TWN","6155750","2018-05-28","2018","05","28","†","32.5","","15.0","","23.8","","0.0","","5.8","","0.0","","0.0","","0.0","","0","","","","",""
"-79.69","43.51","OAKVILLE TWN","6155750","2018-05-29","2018","05","29","†","25.5","","20.5","","23.0","","0.0","","5.0","","0.0","","0.0","","0.0","","0","","","","",""
"-79.69","43.51","OAKVILLE TWN","6155750","2018-05-30","2018","05","30","†","24.0","","16.0","","20.0","","0.0","","2.0","","1.0","","0.0","","1.0","","0","","","","",""
"-79.69","43.51","OAKVILLE TWN","6155750","2018-05-31","2018","05","31","†","32.0","","18.5","","25.3","","0.0","","7.3","","2.2","","0.0","","2.2","","0","","","","",""
"-79.69","43.51","OAKVILLE TWN","6155750","2018-06-01","2018","06","01","†","29.5","","19.0","","24.3","","0.0","","6.3","","1.0","","0.0","","1.0","","0","","","","",""
"-79.69","43.51","OAKVILLE TWN","6155750","2018-06-02","2018","06","02","†","20.0","","14.0","","17.0","","1.0","","0.0","","0.0","","0.0","","0.0","","0","","","","",""
"-79.69","43.51","OAKVILLE TWN","6155750","2018-06-03","2018","06","03","†","19.5","","15.0","","17.3","","0.7","","0.0","","11.0","","0.0","","11.0","","0","","","","",""
"-79.69","43.51","OAKVILLE TWN","6155750","2018-06-04","2018","06","04","†","20.0","","14.5","","17.3","","0.7","","0.0","","0.8","","0.0","","0.8","","0","","","","",""
"-79.69","43.51","OAKVILLE TWN","6155750","2018-06-05","2018","06","05","†","17.0","","11.0","","14.0","","4.0","","0.0","","0.0","","0.0","","0.0","","0","","","","",""
"-79.69","43.51","OAKVILLE TWN","6155750","2018-06-06","2018","06","06","†","16.5","","10.0","","13.3","","4.7","","0.0","","0.0","","0.0","","0.0","","0","","","","",""
"-79.69","43.51","OAKVILLE TWN","6155750","2018-06-07","2018","06","07","†","25.0","","10.0","","17.5","","0.5","","0.0","","0.0","","0.0","","0.0","","0","","","","",""
"-79.69","43.51","OAKVILLE TWN","6155750","2018-06-08","2018","06","08","†","23.0","","14.0","","18.5","","0.0","","0.5","","0.0","","0.0","","0.0","","0","","","","",""
"-79.69","43.51","OAKVILLE TWN","6155750","2018-06-09","2018","06","09","†","22.5","","14.0","","18.3","","0.0","","0.3","","0.0","","0.0","","0.0","","0","","","","",""
"-79.69","43.51","OAKVILLE TWN","6155750","2018-06-10","2018","06","10","†","21.0","","15.5","","18.3","","0.0","","0.3","","0.0","","0.0","","0.0","","0","","","","",""
"-79.69","43.51","OAKVILLE TWN","6155750","2018-06-11","2018","06","11","†","21.5","","13.5","","17.5","","0.5","","0.0","","0.0","","0.0","","0.0","","0","","","","",""
"-79.69","43.51","OAKVILLE TWN","6155750","2018-06-12","2018","06","12","†","25.5","","10.5","","18.0","","0.0","","0.0","","1.4","","0.0","","1.4","","0","","","","",""
"-79.69","43.51","OAKVILLE TWN","6155750","2018-06-13","2018","06","13","†","30.0","","19.0","","24.5","","0.0","","6.5","","0.0","","0.0","","0.0","","0","","","","",""
"-79.69","43.51","OAKVILLE TWN","6155750","2018-06-14","2018","06","14","†","26.0","","15.0","","20.5","","0.0","","2.5","","0.0","","0.0","","0.0","","0","","","","",""
"-79.69","43.51","OAKVILLE TWN","6155750","2018-06-15","2018","06","15","†","25.5","","12.0","","18.8","","0.0","","0.8","","0.0","","0.0","","0.0","","0","","","","",""
"-79.69","43.51","OAKVILLE TWN","6155750","2018-06-16","2018","06","16","†","30.0","","13.0","","21.5","","0.0","","3.5","","0.0","","0.0","","0.0","","0","","","","",""
"-79.69","43.51","OAKVILLE TWN","6155750","2018-06-17","2018","06","17","†","35.0","","17.0","","26.0","","0.0","","8.0","","0.0","","0.0","","0.0","","0","","","","",""
"-79.69","43.51","OAKVILLE TWN","6155750","2018-06-18","2018","06","18","†","","M","24.0","","","M","","M","","M","","","","","","","0","","","","",""
"-79.69","43.51","OAKVILLE TWN","6155750","2018-06-19","2018","06","19","†","23.0","","","M","","M","","M","","M","0.0","","0.0","","0.0","","","","","","",""
"-79.69","43.51","OAKVILLE TWN","6155750","2018-06-20","2018","06","20","†","25.5","","17.0","","21.3","","0.0","","3.3","","0.0","","0.0","","0.0","","0","","","","",""
"-79.69","43.51","OAKVILLE TWN","6155750","2018-06-21","2018","06","21","†","21.0","","16.5","","18.8","","0.0","","0.8","","0.0","","0.0","","0.0","","0","","","","",""
"-79.69","43.51","OAKVILLE TWN","6155750","2018-06-22","2018","06","22","†","20.0","","13.0","","16.5","","1.5","","0.0","","20.0","","0.0","","20.0","","0","","","","",""
"-79.69","43.51","OAKVILLE TWN","6155750","2018-06-23","2018","06","23","†","18.5","","15.5","","17.0","","1.0","","0.0","","13.8","","0.0","","13.8","","0","","","","",""
"-79.69","43.51","OAKVILLE TWN","6155750","2018-06-24","2018","06","24","†","21.5","","16.0","","18.8","","0.0","","0.8","","26.4","","0.0","","26.4","","0","","","","",""
"-79.69","43.51","OAKVILLE TWN","6155750","2018-06-25","2018","06","25","†","23.0","","14.0","","18.5","","0.0","","0.5","","0.0","","0.0","","0.0","","0","","","","",""
"-79.69","43.51","OAKVILLE TWN","6155750","2018-06-26","2018","06","26","†","22.0","","12.0","","17.0","","1.0","","0.0","","10.4","","0.0","","10.4","","0","","","","",""
"-79.69","43.51","OAKVILLE TWN","6155750","2018-06-27","2018","06","27","†","24.0","","16.0","","20.0","","0.0","","2.0","","5.2","","0.0","","5.2","","0","","","","",""
"-79.69","43.51","OAKVILLE TWN","6155750","2018-06-28","2018","06","28","†","30.0","","17.5","","23.8","","0.0","","5.8","","0.2","","0.0","","0.2","","0","","","","",""
"-79.69","43.51","OAKVILLE TWN","6155750","2018-06-29","2018","06","29","†","33.0","","19.0","","26.0","","0.0","","8.0","","0.0","","0.0","","0.0","","0","","","","",""
"-79.69","43.51","OAKVILLE TWN","6155750","2018-06-30","2018","06","30","†","35.0","","22.0","","28.5","","0.0","","10.5","","0.0","","0.0","","0.0","","0","","","","",""
"-79.69","43.51","OAKVILLE TWN","6155750","2018-07-01","2018","07","01","†","34.0","","23.0","","28.5","","0.0","","10.5","","0.0","","0.0","","0.0","","0","","","","",""
"-79.69","43.51","OAKVILLE TWN","6155750","2018-07-02","2018","07","02","†","33.0","","25.0","","29.0","","0.0","","11.0","","0.0","","0.0","","0.0","","0","","","","",""
"-79.69","43.51","OAKVILLE TWN","6155750","2018-07-03","2018","07","03","†","31.0","","18.0","","24.5","","0.0","","6.5","","0.0","","0.0","","0.0","","0","","","","",""
"-79.69","43.51","OAKVILLE TWN","6155750","2018-07-04","2018","07","04","†","31.0","","20.0","","25.5","","0.0","","7.5","","0.0","","0.0","","0.0","","0","","","","",""
"-79.69","43.51","OAKVILLE TWN","6155750","2018-07-05","2018","07","05","†","34.0","","22.0","","28.0","","0.0","","10.0","","25.6","","0.0","","25.6","","0","","","","",""
"-79.69","43.51","OAKVILLE TWN","6155750","2018-07-06","2018","07","06","†","25.0","","16.0","","20.5","","0.0","","2.5","","0.0","","0.0","","0.0","","0","","","","",""
"-79.69","43.51","OAKVILLE TWN","6155750","2018-07-07","2018","07","07","†","27.0","","16.0","","21.5","","0.0","","3.5","","0.0","","0.0","","0.0","","0","","","","",""
"-79.69","43.51","OAKVILLE TWN","6155750","2018-07-08","2018","07","08","†","30.0","","15.0","","22.5","","0.0","","4.5","","0.0","","0.0","","0.0","","0","","","","",""
"-79.69","43.51","OAKVILLE TWN","6155750","2018-07-09","2018","07","09","†","33.0","","16.0","","24.5","","0.0","","6.5","","0.0","","0.0","","0.0","","0","","","","",""
"-79.69","43.51","OAKVILLE TWN","6155750","2018-07-10","2018","07","10","†","31.0","","21.5","","26.3","","0.0","","8.3","","0.0","","0.0","","0.0","","0","","","","",""
"-79.69","43.51","OAKVILLE TWN","6155750","2018-07-11","2018","07","11","†","28.0","","18.0","","23.0","","0.0","","5.0","","0.0","","0.0","","0.0","","0","","","","",""
"-79.69","43.51","OAKVILLE TWN","6155750","2018-07-12","2018","07","12","†","30.0","","15.0","","22.5","","0.0","","4.5","","0.0","","0.0","","0.0","","0","","","","",""
"-79.69","43.51","OAKVILLE TWN","6155750","2018-07-13","2018","07","13","†","31.5","","20.5","","26.0","","0.0","","8.0","","0.0","","0.0","","0.0","","0","","","","",""
"-79.69","43.51","OAKVILLE TWN","6155750","2018-07-14","2018","07","14","†","29.0","","21.0","","25.0","","0.0","","7.0","","0.0","","0.0","","0.0","","0","","","","",""
"-79.69","43.51","OAKVILLE TWN","6155750","2018-07-15","2018","07","15","†","31.0","","21.5","","26.3","","0.0","","8.3","","0.0","","0.0","","0.0","","0","","","","",""
"-79.69","43.51","OAKVILLE TWN","6155750","2018-07-16","2018","07","16","†","35.0","","22.0","","28.5","","0.0","","10.5","","6.8","","0.0","","6.8","","0","","","","",""
"-79.69","43.51","OAKVILLE TWN","6155750","2018-07-17","2018","07","17","†","29.0","","16.5","","22.8","","0.0","","4.8","","0.0","","0.0","","0.0","","0","","","","",""
"-79.69","43.51","OAKVILLE TWN","6155750","2018-07-18","2018","07","18","†","25.0","","17.0","","21.0","","0.0","","3.0","","0.0","","0.0","","0.0","","0","","","","",""
"-79.69","43.51","OAKVILLE TWN","6155750","2018-07-19","2018","07","19","†","28.0","","13.5","","20.8","","0.0","","2.8","","0.0","","0.0","","0.0","","0","","","","",""
"-79.69","43.51","OAKVILLE TWN","6155750","2018-07-20","2018","07","20","†","28.0","","19.0","","23.5","","0.0","","5.5","","0.0","","0.0","","0.0","","0","","","","",""
"-79.69","43.51","OAKVILLE TWN","6155750","2018-07-21","2018","07","21","†","25.0","","22.0","","23.5","","0.0","","5.5","","15.1","","0.0","","15.1","","0","","","","",""
"-79.69","43.51","OAKVILLE TWN","6155750","2018-07-22","2018","07","22","†","24.0","","17.0","","20.5","","0.0","","2.5","","15.0","","0.0","","15.0","","0","","","","",""
"-79.69","43.51","OAKVILLE TWN","6155750","2018-07-23","2018","07","23","†","27.0","","17.0","","22.0","","0.0","","4.0","","0.4","","0.0","","0.4","","0","","","","",""
"-79.69","43.51","OAKVILLE TWN","6155750","2018-07-24","2018","07","24","†","31.0","","21.0","","26.0","","0.0","","8.0","","1.8","","0.0","","1.8","","0","","","","",""
"-79.69","43.51","OAKVILLE TWN","6155750","2018-07-25","2018","07","25","†","31.0","","21.0","","26.0","","0.0","","8.0","","0.0","","0.0","","0.0","","0","","","","",""
"-79.69","43.51","OAKVILLE TWN","6155750","2018-07-26","2018","07","26","†","29.0","","17.0","","23.0","","0.0","","5.0","","0.2","","0.0","","0.2","","0","","","","",""
"-79.69","43.51","OAKVILLE TWN","6155750","2018-07-27","2018","07","27","†","27.5","","17.0","","22.3","","0.0","","4.3","","1.0","","0.0","","1.0","","0","","","","",""
"-79.69","43.51","OAKVILLE TWN","6155750","2018-07-28","2018","07","28","†","25.5","","15.0","","20.3","","0.0","","2.3","","0.0","T","0.0","","0.0","T","0","","","","",""
"-79.69","43.51","OAKVILLE TWN","6155750","2018-07-29","2018","07","29","†","27.0","","14.0","","20.5","","0.0","","2.5","","1.0","","0.0","","1.0","","0","","","","",""
"-79.69","43.51","OAKVILLE TWN","6155750","2018-07-30","2018","07","30","†","28.0","","17.0","","22.5","","0.0","","4.5","","0.0","","0.0","","0.0","","0","","","","",""
"-79.69","43.51","OAKVILLE TWN","6155750","2018-07-31","2018","07","31","†","25.0","","19.0","","22.0","","0.0","","4.0","","0.0","","0.0","","0.0","","0","","","","",""
"-79.69","43.51","OAKVILLE TWN","6155750","2018-08-01","2018","08","01","†","28.0","","21.0","","24.5","","0.0","","6.5","","0.0","","0.0","","0.0","","0","","","","",""
"-79.69","43.51","OAKVILLE TWN","6155750","2018-08-02","2018","08","02","†","31.0","","18.5","","24.8","","0.0","","6.8","","0.0","","0.0","","0.0","","0","","","","",""
"-79.69","43.51","OAKVILLE TWN","6155750","2018-08-03","2018","08","03","†","30.0","","20.0","","25.0","","0.0","","7.0","","0.0","","0.0","","0.0","","0","","","","",""
"-79.69","43.51","OAKVILLE TWN","6155750","2018-08-04","2018","08","04","†","32.0","","19.0","","25.5","","0.0","","7.5","","0.0","","0.0","","0.0","","0","","","","",""
"-79.69","43.51","OAKVILLE TWN","6155750","2018-08-05","2018","08","05","†","35.0","","19.0","","27.0","","0.0","","9.0","","0.0","","0.0","","0.0","","0","","","","",""
"-79.69","43.51","OAKVILLE TWN","6155750","2018-08-06","2018","08","06","†","35.0","","23.0","","29.0","","0.0","","11.0","","48.0","","0.0","","48.0","","0","","","","",""
"-79.69","43.51","OAKVILLE TWN","6155750","2018-08-07","2018","08","07","†","30.0","","20.0","","25.0","","0.0","","7.0","","5.4","","0.0","","5.4","","0","","","","",""
"-79.69","43.51","OAKVILLE TWN","6155750","2018-08-08","2018","08","08","†","27.5","","21.0","","24.3","","0.0","","6.3","","14.8","","0.0","","14.8","","0","","","","",""
"-79.69","43.51","OAKVILLE TWN","6155750","2018-08-09","2018","08","09","†","30.0","","17.0","","23.5","","0.0","","5.5","","1.0","","0.0","","1.0","","0","","","","",""
"-79.69","43.51","OAKVILLE TWN","6155750","2018-08-10","2018","08","10","†","26.0","","18.0","","22.0","","0.0","","4.0","","0.0","","0.0","","0.0","","0","","","","",""
"-79.69","43.51","OAKVILLE TWN","6155750","2018-08-11","2018","08","11","†","28.0","","15.5","","21.8","","0.0","","3.8","","0.0","","0.0","","0.0","","0","","","","",""
"-79.69","43.51","OAKVILLE TWN","6155750","2018-08-12","2018","08","12","†","29.0","","18.5","","23.8","","0.0","","5.8","","0.0","","0.0","","0.0","","0","","","","",""
"-79.69","43.51","OAKVILLE TWN","6155750","2018-08-13","2018","08","13","†","28.0","","19.5","","23.8","","0.0","","5.8","","0.0","","0.0","","0.0","","0","","","","",""
"-79.69","43.51","OAKVILLE TWN","6155750","2018-08-14","2018","08","14","†","32.0","","19.5","","25.8","","0.0","","7.8","","0.0","","0.0","","0.0","","0","","","","",""
"-79.69","43.51","OAKVILLE TWN","6155750","2018-08-15","2018","08","15","†","32.0","","20.0","","26.0","","0.0","","8.0","","0.0","","0.0","","0.0","","0","","","","",""
"-79.69","43.51","OAKVILLE TWN","6155750","2018-08-16","2018","08","16","†","30.0","","20.0","","25.0","","0.0","","7.0","","2.8","","0.0","","2.8","","0","","","","",""
"-79.69","43.51","OAKVILLE TWN","6155750","2018-08-17","2018","08","17","†","30.0","","22.0","","26.0","","0.0","","8.0","","21.0","","0.0","","21.0","","0","","","","",""
"-79.69","43.51","OAKVILLE TWN","6155750","2018-08-18","2018","08","18","†","24.5","","20.0","","22.3","","0.0","","4.3","","0.2","","0.0","","0.2","","0","","","","",""
"-79.69","43.51","OAKVILLE TWN","6155750","2018-08-19","2018","08","19","†","25.0","","17.5","","21.3","","0.0","","3.3","","0.0","","0.0","","0.0","","0","","","","",""
"-79.69","43.51","OAKVILLE TWN","6155750","2018-08-20","2018","08","20","†","25.5","","18.5","","22.0","","0.0","","4.0","","0.2","","0.0","","0.2","","0","","","","",""
"-79.69","43.51","OAKVILLE TWN","6155750","2018-08-21","2018","08","21","†","26.5","","21.0","","23.8","","0.0","","5.8","","11.2","","0.0","","11.2","","0","","","","",""
"-79.69","43.51","OAKVILLE TWN","6155750","2018-08-22","2018","08","22","†","23.0","","18.0","","20.5","","0.0","","2.5","","0.0","","0.0","","0.0","","0","","","","",""
"-79.69","43.51","OAKVILLE TWN","6155750","2018-08-23","2018","08","23","†","28.0","","14.5","","21.3","","0.0","","3.3","","0.0","","0.0","","0.0","","0","","","","",""
"-79.69","43.51","OAKVILLE TWN","6155750","2018-08-24","2018","08","24","†","28.0","","15.0","","21.5","","0.0","","3.5","","0.0","","0.0","","0.0","","0","","","","",""
"-79.69","43.51","OAKVILLE TWN","6155750","2018-08-25","2018","08","25","†","26.0","","20.0","","23.0","","0.0","","5.0","","12.4","","0.0","","12.4","","0","","","","",""
"-79.69","43.51","OAKVILLE TWN","6155750","2018-08-26","2018","08","26","†","30.0","","20.0","","25.0","","0.0","","7.0","","3.8","","0.0","","3.8","","0","","","","",""
"-79.69","43.51","OAKVILLE TWN","6155750","2018-08-27","2018","08","27","†","29.5","","20.0","","24.8","","0.0","","6.8","","0.0","","0.0","","0.0","","0","","","","",""
"-79.69","43.51","OAKVILLE TWN","6155750","2018-08-28","2018","08","28","†","33.0","","24.5","","28.8","","0.0","","10.8","","0.4","","0.0","","0.4","","0","","","","",""
"-79.69","43.51","OAKVILLE TWN","6155750","2018-08-29","2018","08","29","†","30.0","","22.0","","26.0","","0.0","","8.0","","0.0","","0.0","","0.0","","0","","","","",""
"-79.69","43.51","OAKVILLE TWN","6155750","2018-08-30","2018","08","30","†","20.5","","16.0","","18.3","","0.0","","0.3","","0.0","","0.0","","0.0","","0","","","","",""
"-79.69","43.51","OAKVILLE TWN","6155750","2018-08-31","2018","08","31","†","24.0","","16.0","","20.0","","0.0","","2.0","","0.0","","0.0","","0.0","","0","","","","",""
"-79.69","43.51","OAKVILLE TWN","6155750","2018-09-01","2018","09","01","†","31.0","","14.0","","22.5","","0.0","","4.5","","0.0","","0.0","","0.0","","0","","","","",""
"-79.69","43.51","OAKVILLE TWN","6155750","2018-09-02","2018","09","02","†","31.0","","23.0","","27.0","","0.0","","9.0","","0.0","","0.0","","0.0","","0","","","","",""
"-79.69","43.51","OAKVILLE TWN","6155750","2018-09-03","2018","09","03","†","33.0","","23.0","","28.0","","0.0","","10.0","","2.2","","0.0","","2.2","","0","","","","",""
"-79.69","43.51","OAKVILLE TWN","6155750","2018-09-04","2018","09","04","†","30.0","","20.0","","25.0","","0.0","","7.0","","0.0","","0.0","","0.0","","0","","","","",""
"-79.69","43.51","OAKVILLE TWN","6155750","2018-09-05","2018","09","05","†","34.5","","21.0","","27.8","","0.0","","9.8","","1.8","","0.0","","1.8","","0","","","","",""
"-79.69","43.51","OAKVILLE TWN","6155750","2018-09-06","2018","09","06","†","27.5","","21.0","","24.3","","0.0","","6.3","","0.0","","0.0","","0.0","","0","","","","",""
"-79.69","43.51","OAKVILLE TWN","6155750","2018-09-07","2018","09","07","†","24.0","","16.0","","20.0","","0.0","","2.0","","0.0","","0.0","","0.0","","0","","","","",""
"-79.69","43.51","OAKVILLE TWN","6155750","2018-09-08","2018","09","08","†","17.0","","13.5","","15.3","","2.7","","0.0","","0.0","","0.0","","0.0","","0","","","","",""
"-79.69","43.51","OAKVILLE TWN","6155750","2018-09-09","2018","09","09","†","16.5","","12.0","","14.3","","3.7","","0.0","","21.0","","0.0","","21.0","","0","","","","",""
"-79.69","43.51","OAKVILLE TWN","6155750","2018-09-10","2018","09","10","†","17.0","","12.0","","14.5","","3.5","","0.0","","4.8","","0.0","","4.8","","0","","","","",""
"-79.69","43.51","OAKVILLE TWN","6155750","2018-09-11","2018","09","11","†","20.0","","11.5","","15.8","","2.2","","0.0","","0.0","","0.0","","0.0","","0","","","","",""
"-79.69","43.51","OAKVILLE TWN","6155750","2018-09-12","2018","09","12","†","23.0","","14.0","","18.5","","0.0","","0.5","","0.0","","0.0","","0.0","","0","","","","",""
"-79.69","43.51","OAKVILLE TWN","6155750","2018-09-13","2018","09","13","†","24.0","","16.0","","20.0","","0.0","","2.0","","0.0","T","0.0","","0.0","T","0","","","","",""
"-79.69","43.51","OAKVILLE TWN","6155750","2018-09-14","2018","09","14","†","28.0","","19.5","","23.8","","0.0","","5.8","","0.0","","0.0","","0.0","","0","","","","",""
"-79.69","43.51","OAKVILLE TWN","6155750","2018-09-15","2018","09","15","†","29.5","","19.0","","24.3","","0.0","","6.3","","0.0","","0.0","","0.0","","0","","","","",""
"-79.69","43.51","OAKVILLE TWN","6155750","2018-09-16","2018","09","16","†","29.5","","18.5","","24.0","","0.0","","6.0","","0.0","","0.0","","0.0","","0","","","","",""
"-79.69","43.51","OAKVILLE TWN","6155750","2018-09-17","2018","09","17","†","28.0","","18.0","","23.0","","0.0","","5.0","","0.0","","0.0","","0.0","","0","","","","",""
"-79.69","43.51","OAKVILLE TWN","6155750","2018-09-18","2018","09","18","†","28.5","","18.5","","23.5","","0.0","","5.5","","0.0","","0.0","","0.0","","0","","","","",""
"-79.69","43.51","OAKVILLE TWN","6155750","2018-09-19","2018","09","19","†","23.5","","14.0","","18.8","","0.0","","0.8","","0.0","","0.0","","0.0","","0","","","","",""
"-79.69","43.51","OAKVILLE TWN","6155750","2018-09-20","2018","09","20","†","26.0","","15.5","","20.8","","0.0","","2.8","","0.0","","0.0","","0.0","","0","","","","",""
"-79.69","43.51","OAKVILLE TWN","6155750","2018-09-21","2018","09","21","†","32.0","","18.0","","25.0","","0.0","","7.0","","2.0","","0.0","","2.0","","0","","","","",""
"-79.69","43.51","OAKVILLE TWN","6155750","2018-09-22","2018","09","22","†","17.0","","11.0","","14.0","","4.0","","0.0","","0.0","","0.0","","0.0","","0","","","","",""
"-79.69","43.51","OAKVILLE TWN","6155750","2018-09-23","2018","09","23","†","19.5","","6.0","","12.8","","5.2","","0.0","","0.0","","0.0","","0.0","","0","","","","",""
"-79.69","43.51","OAKVILLE TWN","6155750","2018-09-24","2018","09","24","†","20.0","","12.0","","16.0","","2.0","","0.0","","9.4","","0.0","","9.4","","0","","","","",""
"-79.69","43.51","OAKVILLE TWN","6155750","2018-09-25","2018","09","25","†","22.0","","13.5","","17.8","","0.2","","0.0","","10.2","","0.0","","10.2","","0","","","","",""
"-79.69","43.51","OAKVILLE TWN","6155750","2018-09-26","2018","09","26","†","23.0","","16.5","","19.8","","0.0","","1.8","","0.0","","0.0","","0.0","","0","","","","",""
"-79.69","43.51","OAKVILLE TWN","6155750","2018-09-27","2018","09","27","†","18.5","","9.0","","13.8","","4.2","","0.0","","0.0","","0.0","","0.0","","0","","","","",""
"-79.69","43.51","OAKVILLE TWN","6155750","2018-09-28","2018","09","28","†","24.0","","10.0","","17.0","","1.0","","0.0","","2.8","","0.0","","2.8","","0","","","","",""
"-79.69","43.51","OAKVILLE TWN","6155750","2018-09-29","2018","09","29","†","18.0","","8.0","","13.0","","5.0","","0.0","","0.0","","0.0","","0.0","","0","","","","",""
"-79.69","43.51","OAKVILLE TWN","6155750","2018-09-30","2018","09","30","†","14.5","","9.0","","11.8","","6.2","","0.0","","19.2","","0.0","","19.2","","0","","","","",""
"-79.69","43.51","OAKVILLE TWN","6155750","2018-10-01","2018","10","01","†","14.0","","8.5","","11.3","","6.7","","0.0","","24.0","","0.0","","24.0","","0","","","","",""
"-79.69","43.51","OAKVILLE TWN","6155750","2018-10-02","2018","10","02","†","15.5","","8.0","","11.8","","6.2","","0.0","","3.0","","0.0","","3.0","","0","","","","",""
"-79.69","43.51","OAKVILLE TWN","6155750","2018-10-03","2018","10","03","†","23.0","","11.0","","17.0","","1.0","","0.0","","3.8","","0.0","","3.8","","0","","","","",""
"-79.69","43.51","OAKVILLE TWN","6155750","2018-10-04","2018","10","04","†","23.0","","12.5","","17.8","","0.2","","0.0","","0.0","","0.0","","0.0","","0","","","","",""
"-79.69","43.51","OAKVILLE TWN","6155750","2018-10-05","2018","10","05","†","14.0","","6.0","","10.0","","8.0","","0.0","","2.6","","0.0","","2.6","","0","","","","",""
"-79.69","43.51","OAKVILLE TWN","6155750","2018-10-06","2018","10","06","†","18.0","","8.0","","13.0","","5.0","","0.0","","4.8","","0.0","","4.8","","0","","","","",""
"-79.69","43.51","OAKVILLE TWN","6155750","2018-10-07","2018","10","07","†","14.5","","11.5","","13.0","","5.0","","0.0","","0.4","","0.0","","0.4","","0","","","","",""
"-79.69","43.51","OAKVILLE TWN","6155750","2018-10-08","2018","10","08","†","17.0","","12.0","","14.5","","3.5","","0.0","","0.0","","0.0","","0.0","","0","","","","",""
"-79.69","43.51","OAKVILLE TWN","6155750","2018-10-09","2018","10","09","†","28.0","","12.0","","20.0","","0.0","","2.0","","0.0","T","0.0","","0.0","T","0","","","","",""
"-79.69","43.51","OAKVILLE TWN","6155750","2018-10-10","2018","10","10","†","28.5","","20.0","","24.3","","0.0","","6.3","","0.0","T","0.0","","0.0","T","0","","","","",""
"-79.69","43.51","OAKVILLE TWN","6155750","2018-10-11","2018","10","11","†","21.0","","20.0","","20.5","","0.0","","2.5","","0.0","T","0.0","","0.0","T","0","","","","",""
"-79.69","43.51","OAKVILLE TWN","6155750","2018-10-12","2018","10","12","†","12.5","","6.0","","9.3","","8.7","","0.0","","3.0","","0.0","","3.0","","0","","","","",""
"-79.69","43.51","OAKVILLE TWN","6155750","2018-10-13","2018","10","13","†","11.0","","4.5","","7.8","","10.2","","0.0","","0.0","","0.0","","0.0","","0","","","","",""
"-79.69","43.51","OAKVILLE TWN","6155750","2018-10-14","2018","10","14","†","15.5","","2.0","","8.8","","9.2","","0.0","","0.0","","0.0","","0.0","","0","","","","",""
"-79.69","43.51","OAKVILLE TWN","6155750","2018-10-15","2018","10","15","†","13.0","","6.0","","9.5","","8.5","","0.0","","1.0","","0.0","","1.0","","0","","","","",""
"-79.69","43.51","OAKVILLE TWN","6155750","2018-10-16","2018","10","16","†","13.0","","1.0","","7.0","","11.0","","0.0","","0.0","","0.0","","0.0","","0","","","","",""
"-79.69","43.51","OAKVILLE TWN","6155750","2018-10-17","2018","10","17","†","11.0","","3.5","","7.3","","10.7","","0.0","","0.0","","0.0","","0.0","","0","","","","",""
"-79.69","43.51","OAKVILLE TWN","6155750","2018-10-18","2018","10","18","†","9.0","","-1.0","","4.0","","14.0","","0.0","","0.0","","0.0","","0.0","","0","","","","",""
"-79.69","43.51","OAKVILLE TWN","6155750","2018-10-19","2018","10","19","†","18.0","","1.0","","9.5","","8.5","","0.0","","0.0","T","0.0","","0.0","T","0","","","","",""
"-79.69","43.51","OAKVILLE TWN","6155750","2018-10-20","2018","10","20","†","13.5","","7.0","","10.3","","7.7","","0.0","","2.0","","0.0","T","2.0","","0","","","","",""
"-79.69","43.51","OAKVILLE TWN","6155750","2018-10-21","2018","10","21","†","6.0","","1.0","","3.5","","14.5","","0.0","","0.0","","0.0","","0.0","","0","","","","",""
"-79.69","43.51","OAKVILLE TWN","6155750","2018-10-22","2018","10","22","†","13.5","","2.0","","7.8","","10.2","","0.0","","0.2","","0.0","","0.2","","0","","","","",""
"-79.69","43.51","OAKVILLE TWN","6155750","2018-10-23","2018","10","23","†","11.0","","2.5","","6.8","","11.2","","0.0","","1.2","","0.0","","1.2","","0","","","","",""
"-79.69","43.51","OAKVILLE TWN","6155750","2018-10-24","2018","10","24","†","6.5","","3.5","","5.0","","13.0","","0.0","","0.0","","0.0","","0.0","","0","","","","",""
"-79.69","43.51","OAKVILLE TWN","6155750","2018-10-25","2018","10","25","†","10.5","","2.0","","6.3","","11.7","","0.0","","0.0","","0.0","","0.0","","0","","","","",""
"-79.69","43.51","OAKVILLE TWN","6155750","2018-10-26","2018","10","26","†","8.5","","3.5","","6.0","","12.0","","0.0","","1.6","","0.0","","1.6","","0","","","","",""
"-79.69","43.51","OAKVILLE TWN","6155750","2018-10-27","2018","10","27","†","6.0","","3.0","","4.5","","13.5","","0.0","","5.3","","0.0","","5.3","","0","","","","",""
"-79.69","43.51","OAKVILLE TWN","6155750","2018-10-28","2018","10","28","†","7.5","","1.0","","4.3","","13.7","","0.0","","0.2","","0.0","","0.2","","0","","","","",""
"-79.69","43.51","OAKVILLE TWN","6155750","2018-10-29","2018","10","29","†","10.0","","1.5","","5.8","","12.2","","0.0","","0.6","","0.0","","0.6","","0","","","","",""
"-79.69","43.51","OAKVILLE TWN","6155750","2018-10-30","2018","10","30","†","13.5","","-0.5","","6.5","","11.5","","0.0","","10.4","","0.0","","10.4","","0","","","","",""
"-79.69","43.51","OAKVILLE TWN","6155750","2018-10-31","2018","10","31","†","14.5","","2.5","","8.5","","9.5","","0.0","","4.0","","0.0","","4.0","","0","","","","",""
"-79.69","43.51","OAKVILLE TWN","6155750","2018-11-01","2018","11","01","†","8.0","","4.0","","6.0","","12.0","","0.0","","38.2","","0.0","","38.2","","0","","","","",""
"-79.69","43.51","OAKVILLE TWN","6155750","2018-11-02","2018","11","02","†","6.0","","4.0","","5.0","","13.0","","0.0","","2.0","","0.0","","2.0","","0","","","","",""
"-79.69","43.51","OAKVILLE TWN","6155750","2018-11-03","2018","11","03","†","7.0","","4.0","","5.5","","12.5","","0.0","","0.9","","0.0","","0.9","","0","","","","",""
"-79.69","43.51","OAKVILLE TWN","6155750","2018-11-04","2018","11","04","†","8.0","","-1.0","","3.5","","14.5","","0.0","","1.4","","0.0","","1.4","","0","","","","",""
"-79.69","43.51","OAKVILLE TWN","6155750","2018-11-05","2018","11","05","†","12.0","","5.0","","8.5","","9.5","","0.0","","6.1","","0.0","","6.1","","0","","","","",""
"-79.69","43.51","OAKVILLE TWN","6155750","2018-11-06","2018","11","06","†","16.5","","9.0","","12.8","","5.2","","0.0","","0.0","T","0.0","","0.0","T","0","","","","",""
"-79.69","43.51","OAKVILLE TWN","6155750","2018-11-07","2018","11","07","†","10.5","","6.5","","8.5","","9.5","","0.0","","0.0","T","0.0","","0.0","T","0","","","","",""
"-79.69","43.51","OAKVILLE TWN","6155750","2018-11-08","2018","11","08","†","6.0","","3.0","","4.5","","13.5","","0.0","","0.4","","0.0","","0.4","","0","","","","",""
"-79.69","43.51","OAKVILLE TWN","6155750","2018-11-09","2018","11","09","†","5.0","","3.0","","4.0","","14.0","","0.0","","10.8","","0.0","T","10.8","","0","","","","",""
"-79.69","43.51","OAKVILLE TWN","6155750","2018-11-10","2018","11","10","†","3.0","","-3.0","","0.0","","18.0","","0.0","","0.0","","0.0","","0.0","","0","","","","",""
"-79.69","43.51","OAKVILLE TWN","6155750","2018-11-11","2018","11","11","†","4.5","","-3.0","","0.8","","17.2","","0.0","","0.0","","0.0","","0.0","","0","","","","",""
"-79.69","43.51","OAKVILLE TWN","6155750","2018-11-12","2018","11","12","†","7.0","","0.5","","3.8","","14.2","","0.0","","2.0","","0.0","T","2.0","","0","","","","",""
"-79.69","43.51","OAKVILLE TWN","6155750","2018-11-13","2018","11","13","†","2.5","","1.0","","1.8","","16.2","","0.0","","0.0","","0.0","T","0.0","","0","","","","",""
"-79.69","43.51","OAKVILLE TWN","6155750","2018-11-14","2018","11","14","†","2.0","","-4.5","","-1.3","","19.3","","0.0","","0.0","","0.0","","0.0","","0","","","","",""
"-79.69","43.51","OAKVILLE TWN","6155750","2018-11-15","2018","11","15","†","1.0","","-4.0","","-1.5","","19.5","","0.0","","0.0","","13.0","","17.0","","0","","","","",""
"-79.69","43.51","OAKVILLE TWN","6155750","2018-11-16","2018","11","16","†","3.0","","-1.5","","0.8","","17.2","","0.0","","0.0","T","0.4","","0.4","","13","","","","",""
"-79.69","43.51","OAKVILLE TWN","6155750","2018-11-17","2018","11","17","†","3.0","","0.0","","1.5","","16.5","","0.0","","0.0","","0.0","","0.0","","5","","","","",""
"-79.69","43.51","OAKVILLE TWN","6155750","2018-11-18","2018","11","18","†","2.0","","-4.5","","-1.3","","19.3","","0.0","","0.0","","0.0","","0.0","","3","","","","",""
"-79.69","43.51","OAKVILLE TWN","6155750","2018-11-19","2018","11","19","†","5.0","","-3.5","","0.8","","17.2","","0.0","","0.0","","1.4","","1.0","","1","","","","",""
"-79.69","43.51","OAKVILLE TWN","6155750","2018-11-20","2018","11","20","†","2.0","","-1.0","","0.5","","17.5","","0.0","","0.0","","0.0","T","0.0","","2","","","","",""
"-79.69","43.51","OAKVILLE TWN","6155750","2018-11-21","2018","11","21","†","0.0","","-3.5","","-1.8","","19.8","","0.0","","0.0","","0.0","","0.0","","0","T","","","",""
"-79.69","43.51","OAKVILLE TWN","6155750","2018-11-22","2018","11","22","†","-2.0","","-13.0","","-7.5","","25.5","","0.0","","0.0","","0.0","","0.0","","0","T","","","",""
"-79.69","43.51","OAKVILLE TWN","6155750","2018-11-23","2018","11","23","†","4.0","","-9.0","","-2.5","","20.5","","0.0","","0.0","","0.0","","0.0","","0","T","","","",""
"-79.69","43.51","OAKVILLE TWN","6155750","2018-11-24","2018","11","24","†","7.0","","-2.0","","2.5","","15.5","","0.0","","5.4","","0.0","","5.4","","0","","","","",""
"-79.69","43.51","OAKVILLE TWN","6155750","2018-11-25","2018","11","25","†","8.5","","2.0","","5.3","","12.7","","0.0","","7.2","","0.0","","7.2","","0","","","","",""
"-79.69","43.51","OAKVILLE TWN","6155750","2018-11-26","2018","11","26","†","5.5","","3.0","","4.3","","13.7","","0.0","","16.2","","0.0","T","16.2","","0","","","","",""
"-79.69","43.51","OAKVILLE TWN","6155750","2018-11-27","2018","11","27","†","2.0","","0.0","","1.0","","17.0","","0.0","","0.0","","0.0","T","0.0","","0","T","","","",""
"-79.69","43.51","OAKVILLE TWN","6155750","2018-11-28","2018","11","28","†","5.0","","-1.5","","1.8","","16.2","","0.0","","0.0","T","0.0","T","0.0","T","0","T","","","",""
"-79.69","43.51","OAKVILLE TWN","6155750","2018-11-29","2018","11","29","†","2.0","","-1.0","","0.5","","17.5","","0.0","","0.0","","0.0","T","0.0","","0","","","","",""
"-79.69","43.51","OAKVILLE TWN","6155750","2018-11-30","2018","11","30","†","2.0","","-1.0","","0.5","","17.5","","0.0","","0.0","","0.0","","0.0","","0","","","","",""
"-79.69","43.51","OAKVILLE TWN","6155750","2018-12-01","2018","12","01","†","5.0","","0.0","","2.5","","15.5","","0.0","","8.2","","0.0","","8.2","","0","","","","",""
"-79.69","43.51","OAKVILLE TWN","6155750","2018-12-02","2018","12","02","†","12.0","","1.5","","6.8","","11.2","","0.0","","6.0","","0.0","","6.0","","0","","","","",""
"-79.69","43.51","OAKVILLE TWN","6155750","2018-12-03","2018","12","03","†","4.0","","2.0","","3.0","","15.0","","0.0","","0.0","T","0.0","","0.0","T","0","","","","",""
"-79.69","43.51","OAKVILLE TWN","6155750","2018-12-04","2018","12","04","†","1.5","","-3.5","","-1.0","","19.0","","0.0","","0.0","","0.0","","0.0","","0","","","","",""
"-79.69","43.51","OAKVILLE TWN","6155750","2018-12-05","2018","12","05","†","3.0","","-7.0","","-2.0","","20.0","","0.0","","0.0","","0.0","T","0.0","","0","","","","",""
"-79.69","43.51","OAKVILLE TWN","6155750","2018-12-06","2018","12","06","†","2.5","","-2.0","","0.3","","17.7","","0.0","","0.0","","0.0","","0.0","","0","T","","","",""
"-79.69","43.51","OAKVILLE TWN","6155750","2018-12-07","2018","12","07","†","-2.5","","-7.5","","-5.0","","23.0","","0.0","","0.0","","0.0","","0.0","","0","","","","",""
"-79.69","43.51","OAKVILLE TWN","6155750","2018-12-08","2018","12","08","†","1.0","","-7.0","","-3.0","","21.0","","0.0","","0.0","","0.0","","0.0","","0","","","","",""
"-79.69","43.51","OAKVILLE TWN","6155750","2018-12-09","2018","12","09","†","2.0","","-7.5","","-2.8","","20.8","","0.0","","0.0","","0.0","","0.0","","0","","","","",""
"-79.69","43.51","OAKVILLE TWN","6155750","2018-12-10","2018","12","10","†","1.0","","-4.0","","-1.5","","19.5","","0.0","","0.0","","0.0","","0.0","","0","","","","",""
"-79.69","43.51","OAKVILLE TWN","6155750","2018-12-11","2018","12","11","†","1.0","","-4.0","","-1.5","","19.5","","0.0","","0.0","","0.0","","0.0","","0","","","","",""
"-79.69","43.51","OAKVILLE TWN","6155750","2018-12-12","2018","12","12","†","2.5","","-2.0","","0.3","","17.7","","0.0","","0.0","","4.0","","5.8","","0","","","","",""
"-79.69","43.51","OAKVILLE TWN","6155750","2018-12-13","2018","12","13","†","3.5","","-0.5","","1.5","","16.5","","0.0","","4.4","","0.0","","4.4","","4","","","","",""
"-79.69","43.51","OAKVILLE TWN","6155750","2018-12-14","2018","12","14","†","5.5","","-3.5","","1.0","","17.0","","0.0","","3.8","","0.0","","3.8","","0","","","","",""
"-79.69","43.51","OAKVILLE TWN","6155750","2018-12-15","2018","12","15","†","4.0","","0.0","","2.0","","16.0","","0.0","","3.2","","0.0","","3.2","","0","","","","",""
"-79.69","43.51","OAKVILLE TWN","6155750","2018-12-16","2018","12","16","†","4.5","","0.5","","2.5","","15.5","","0.0","","0.0","","0.0","","0.0","","0","","","","",""
"-79.69","43.51","OAKVILLE TWN","6155750","2018-12-17","2018","12","17","†","3.5","","0.5","","2.0","","16.0","","0.0","","0.0","","0.0","","0.0","","0","","","","",""
"-79.69","43.51","OAKVILLE TWN","6155750","2018-12-18","2018","12","18","†","0.0","","-5.5","","-2.8","","20.8","","0.0","","0.0","","0.0","","0.0","","0","","","","",""
"-79.69","43.51","OAKVILLE TWN","6155750","2018-12-19","2018","12","19","†","7.0","","-4.5","","1.3","","16.7","","0.0","","0.0","","0.0","","0.0","","0","","","","",""
"-79.69","43.51","OAKVILLE TWN","6155750","2018-12-20","2018","12","20","†","6.0","","-1.0","","2.5","","15.5","","0.0","","17.0","","0.0","","17.0","","0","","","","",""
"-79.69","43.51","OAKVILLE TWN","6155750","2018-12-21","2018","12","21","†","6.0","","2.0","","4.0","","14.0","","0.0","","0.0","","0.0","","0.0","","0","","","","",""
"-79.69","43.51","OAKVILLE TWN","6155750","2018-12-22","2018","12","22","†","0.0","","-2.0","","-1.0","","19.0","","0.0","","0.0","","0.0","T","0.0","","0","","","","",""
"-79.69","43.51","OAKVILLE TWN","6155750","2018-12-23","2018","12","23","†","1.5","","-2.0","","-0.3","","18.3","","0.0","","0.0","","0.0","T","0.0","","0","","","","",""
"-79.69","43.51","OAKVILLE TWN","6155750","2018-12-24","2018","12","24","†","2.0","","-1.0","","0.5","","17.5","","0.0","","0.0","","0.0","","0.0","","0","T","","","",""
"-79.69","43.51","OAKVILLE TWN","6155750","2018-12-25","2018","12","25","†","0.5","","-3.0","","-1.3","","19.3","","0.0","","0.0","","0.0","","0.0","","0","","","","",""
"-79.69","43.51","OAKVILLE TWN","6155750","2018-12-26","2018","12","26","†","3.5","","-3.0","","0.3","","17.7","","0.0","","0.0","","0.0","","0.0","","0","","","","",""
"-79.69","43.51","OAKVILLE TWN","6155750","2018-12-27","2018","12","27","†","10.5","","-6.0","","2.3","","15.7","","0.0","","8.0","","0.0","","8.0","","0","","","","",""
"-79.69","43.51","OAKVILLE TWN","6155750","2018-12-28","2018","12","28","†","13.0","","-2.0","","5.5","","12.5","","0.0","","0.0","","0.0","T","0.0","","0","","","","",""
"-79.69","43.51","OAKVILLE TWN","6155750","2018-12-29","2018","12","29","†","-1.0","","-2.0","","-1.5","","19.5","","0.0","","0.0","","2.0","","2.0","","0","T","","","",""
"-79.69","43.51","OAKVILLE TWN","6155750","2018-12-30","2018","12","30","†","2.0","","-6.0","","-2.0","","20.0","","0.0","","0.0","","1.0","","1.0","","2","","","","",""
"-79.69","43.51","OAKVILLE TWN","6155750","2018-12-31","2018","12","31","†","9.0","","-3.5","","2.8","","15.2","","0.0","","16.2","","0.0","","16.2","","0","T","","","",""
